{
	"images": [
		{
			"id": 1,
			"file_name": "2j4A9.png",
			"width": 308,
			"height": 153
		},
		{
			"id": 2,
			"file_name": "9emwR.jpg",
			"width": 287,
			"height": 196
		},
		{
			"id": 3,
			"file_name": "20100225135404_radiobuttons.png",
			"width": 326,
			"height": 266
		},
		{
			"id": 4,
			"file_name": "bbeb3533-6f3a-48dd-b293-b8ebf0d5caa3.png",
			"width": 474,
			"height": 463
		},
		{
			"id": 5,
			"file_name": "boring-buttons.png",
			"width": 572,
			"height": 304
		},
		{
			"id": 6,
			"file_name": "capture1.png",
			"width": 499,
			"height": 151
		},
		{
			"id": 7,
			"file_name": "CheckBoxCheckEvent.png",
			"width": 300,
			"height": 300
		},
		{
			"id": 8,
			"file_name": "CheckBoxThreeStates.png",
			"width": 280,
			"height": 256
		},
		{
			"id": 9,
			"file_name": "combobox-examples.png",
			"width": 584,
			"height": 275
		},
		{
			"id": 10,
			"file_name": "combobox-excel-userform-vba.jpg",
			"width": 550,
			"height": 200
		},
		{
			"id": 11,
			"file_name": "download.jpeg",
			"width": 297,
			"height": 169
		},
		{
			"id": 12,
			"file_name": "download.png",
			"width": 254,
			"height": 199
		},
		{
			"id": 13,
			"file_name": "GroupRadioButton.png",
			"width": 201,
			"height": 325
		},
		{
			"id": 14,
			"file_name": "image3-3.png",
			"width": 584,
			"height": 212
		},
		{
			"id": 15,
			"file_name": "images.png",
			"width": 234,
			"height": 215
		},
		{
			"id": 16,
			"file_name": "jQuery-Plugin-To-Create-Indeterminate-Checkboxes-Tristate.jpg",
			"width": 615,
			"height": 446
		},
		{
			"id": 17,
			"file_name": "LabelFontChangedByCheckBoxes.png",
			"width": 300,
			"height": 250
		},
		{
			"id": 18,
			"file_name": "latihan1.jpg",
			"width": 545,
			"height": 305
		},
		{
			"id": 19,
			"file_name": "nAArr.png",
			"width": 396,
			"height": 437
		},
		{
			"id": 20,
			"file_name": "RadioButtonState.png",
			"width": 300,
			"height": 293
		},
		{
			"id": 21,
			"file_name": "Screenshot 2021-06-13 175136.jpg",
			"width": 600,
			"height": 390
		},
		{
			"id": 22,
			"file_name": "swing-radio-button-example.PNG",
			"width": 343,
			"height": 252
		},
		{
			"id": 23,
			"file_name": "0.png",
			"width": 817,
			"height": 907
		},
		{
			"id": 24,
			"file_name": "5f3be1a8508416144e0264e8_5NEko04R2M1Wo7gRBS8qqI7orDb0lK2tg-jVtMsSr7NBdaht0Lc4IvaUuHd8C-gbLiG8uY4qJgPQJyB3rxTCq7TiIGt0D6Sb05xtZd39zBwzddlEas2pdtFSigkIS9cmhbkCCOZ1.png",
			"width": 1600,
			"height": 871
		},
		{
			"id": 25,
			"file_name": "9c5c2922ce4bce69b2d061c32930b27ca83b8354.png",
			"width": 793,
			"height": 1023
		},
		{
			"id": 26,
			"file_name": "86471fb321345c227c502d7c354adf6e780dda7a.png",
			"width": 680,
			"height": 1065
		},
		{
			"id": 27,
			"file_name": "a8987c09dc321adc9f15df8d0529ac571932067a.png",
			"width": 783,
			"height": 1021
		},
		{
			"id": 28,
			"file_name": "formsite-build-pdf-templates.png",
			"width": 779,
			"height": 449
		},
		{
			"id": 29,
			"file_name": "image_1_edited.png",
			"width": 700,
			"height": 418
		},
		{
			"id": 30,
			"file_name": "image1.png",
			"width": 1273,
			"height": 499
		},
		{
			"id": 31,
			"file_name": "import-export-1.png",
			"width": 1928,
			"height": 979
		},
		{
			"id": 32,
			"file_name": "pdf-creation-and-editing-api.png",
			"width": 660,
			"height": 528
		},
		{
			"id": 33,
			"file_name": "Screenshot 2023-08-20 at 3.37.21 PM.png",
			"width": 2162,
			"height": 1120
		},
		{
			"id": 34,
			"file_name": "Screenshot 2023-08-20 at 3.38.03 PM.png",
			"width": 2156,
			"height": 1202
		},
		{
			"id": 35,
			"file_name": "u5zpjhjjgwngziko8ryb.png",
			"width": 512,
			"height": 663
		},
		{
			"id": 36,
			"file_name": "formwithqr.jpg",
			"width": 810,
			"height": 657
		}
	],
	"type": "instances",
	"annotations": [
		{
			"segmentation": [
				75,
				6,
				75,
				46,
				303,
				46,
				303,
				6
			],
			"area": 9120,
			"iscrowd": 0,
			"ignore": 0,
			"image_id": 1,
			"bbox": [
				75,
				6,
				228,
				40
			],
			"category_id": 3,
			"id": 1
		},
		{
			"segmentation": [
				75,
				49,
				75,
				87,
				304,
				87,
				304,
				49
			],
			"area": 8702,
			"iscrowd": 0,
			"ignore": 0,
			"image_id": 1,
			"bbox": [
				75,
				49,
				229,
				38
			],
			"category_id": 3,
			"id": 2
		},
		{
			"segmentation": [
				145,
				99,
				145,
				145,
				226,
				145,
				226,
				99
			],
			"area": 3726,
			"iscrowd": 0,
			"ignore": 0,
			"image_id": 1,
			"bbox": [
				145,
				99,
				81,
				46
			],
			"category_id": 6,
			"id": 3
		},
		{
			"segmentation": [
				21,
				44,
				21,
				62,
				40,
				62,
				40,
				44
			],
			"area": 342,
			"iscrowd": 0,
			"ignore": 0,
			"image_id": 3,
			"bbox": [
				21,
				44,
				19,
				18
			],
			"category_id": 5,
			"id": 4
		},
		{
			"segmentation": [
				44,
				74,
				44,
				93,
				60,
				93,
				60,
				74
			],
			"area": 304,
			"iscrowd": 0,
			"ignore": 0,
			"image_id": 3,
			"bbox": [
				44,
				74,
				16,
				19
			],
			"category_id": 1,
			"id": 5
		},
		{
			"segmentation": [
				43,
				122,
				43,
				143,
				61,
				143,
				61,
				122
			],
			"area": 378,
			"iscrowd": 0,
			"ignore": 0,
			"image_id": 3,
			"bbox": [
				43,
				122,
				18,
				21
			],
			"category_id": 1,
			"id": 6
		},
		{
			"segmentation": [
				164,
				124,
				164,
				142,
				180,
				142,
				180,
				124
			],
			"area": 288,
			"iscrowd": 0,
			"ignore": 0,
			"image_id": 3,
			"bbox": [
				164,
				124,
				16,
				18
			],
			"category_id": 1,
			"id": 7
		},
		{
			"segmentation": [
				162,
				144,
				162,
				163,
				180,
				163,
				180,
				144
			],
			"area": 342,
			"iscrowd": 0,
			"ignore": 0,
			"image_id": 3,
			"bbox": [
				162,
				144,
				18,
				19
			],
			"category_id": 1,
			"id": 8
		},
		{
			"segmentation": [
				198,
				216,
				198,
				253,
				308,
				253,
				308,
				216
			],
			"area": 4070,
			"iscrowd": 0,
			"ignore": 0,
			"image_id": 3,
			"bbox": [
				198,
				216,
				110,
				37
			],
			"category_id": 6,
			"id": 9
		},
		{
			"segmentation": [
				13,
				50,
				13,
				88,
				157,
				88,
				157,
				50
			],
			"area": 5472,
			"iscrowd": 0,
			"ignore": 0,
			"image_id": 4,
			"bbox": [
				13,
				50,
				144,
				38
			],
			"category_id": 6,
			"id": 10
		},
		{
			"segmentation": [
				12,
				130,
				12,
				159,
				209,
				159,
				209,
				130
			],
			"area": 5713,
			"iscrowd": 0,
			"ignore": 0,
			"image_id": 4,
			"bbox": [
				12,
				130,
				197,
				29
			],
			"category_id": 2,
			"id": 11
		},
		{
			"segmentation": [
				12,
				161,
				12,
				188,
				209,
				188,
				209,
				161
			],
			"area": 5319,
			"iscrowd": 0,
			"ignore": 0,
			"image_id": 4,
			"bbox": [
				12,
				161,
				197,
				27
			],
			"category_id": 2,
			"id": 12
		},
		{
			"segmentation": [
				12,
				191,
				12,
				218,
				208,
				218,
				208,
				191
			],
			"area": 5292,
			"iscrowd": 0,
			"ignore": 0,
			"image_id": 4,
			"bbox": [
				12,
				191,
				196,
				27
			],
			"category_id": 2,
			"id": 13
		},
		{
			"segmentation": [
				16,
				45,
				16,
				96,
				141,
				96,
				141,
				45
			],
			"area": 6375,
			"iscrowd": 0,
			"ignore": 0,
			"image_id": 5,
			"bbox": [
				16,
				45,
				125,
				51
			],
			"category_id": 6,
			"id": 14
		},
		{
			"segmentation": [
				153,
				41,
				153,
				99,
				280,
				99,
				280,
				41
			],
			"area": 7366,
			"iscrowd": 0,
			"ignore": 0,
			"image_id": 5,
			"bbox": [
				153,
				41,
				127,
				58
			],
			"category_id": 6,
			"id": 15
		},
		{
			"segmentation": [
				153,
				124,
				153,
				188,
				281,
				188,
				281,
				124
			],
			"area": 8192,
			"iscrowd": 0,
			"ignore": 0,
			"image_id": 5,
			"bbox": [
				153,
				124,
				128,
				64
			],
			"category_id": 6,
			"id": 16
		},
		{
			"segmentation": [
				15,
				128,
				15,
				189,
				145,
				189,
				145,
				128
			],
			"area": 7930,
			"iscrowd": 0,
			"ignore": 0,
			"image_id": 5,
			"bbox": [
				15,
				128,
				130,
				61
			],
			"category_id": 6,
			"id": 17
		},
		{
			"segmentation": [
				290,
				39,
				290,
				99,
				418,
				99,
				418,
				39
			],
			"area": 7680,
			"iscrowd": 0,
			"ignore": 0,
			"image_id": 5,
			"bbox": [
				290,
				39,
				128,
				60
			],
			"category_id": 6,
			"id": 18
		},
		{
			"segmentation": [
				427,
				37,
				427,
				98,
				557,
				98,
				557,
				37
			],
			"area": 7930,
			"iscrowd": 0,
			"ignore": 0,
			"image_id": 5,
			"bbox": [
				427,
				37,
				130,
				61
			],
			"category_id": 6,
			"id": 19
		},
		{
			"segmentation": [
				426,
				131,
				426,
				187,
				561,
				187,
				561,
				131
			],
			"area": 7560,
			"iscrowd": 0,
			"ignore": 0,
			"image_id": 5,
			"bbox": [
				426,
				131,
				135,
				56
			],
			"category_id": 6,
			"id": 20
		},
		{
			"segmentation": [
				293,
				128,
				293,
				190,
				418,
				190,
				418,
				128
			],
			"area": 7750,
			"iscrowd": 0,
			"ignore": 0,
			"image_id": 5,
			"bbox": [
				293,
				128,
				125,
				62
			],
			"category_id": 6,
			"id": 21
		},
		{
			"segmentation": [
				19,
				219,
				19,
				274,
				142,
				274,
				142,
				219
			],
			"area": 6765,
			"iscrowd": 0,
			"ignore": 0,
			"image_id": 5,
			"bbox": [
				19,
				219,
				123,
				55
			],
			"category_id": 6,
			"id": 22
		},
		{
			"segmentation": [
				155,
				219,
				155,
				277,
				282,
				277,
				282,
				219
			],
			"area": 7366,
			"iscrowd": 0,
			"ignore": 0,
			"image_id": 5,
			"bbox": [
				155,
				219,
				127,
				58
			],
			"category_id": 6,
			"id": 23
		},
		{
			"segmentation": [
				291,
				219,
				291,
				275,
				417,
				275,
				417,
				219
			],
			"area": 7056,
			"iscrowd": 0,
			"ignore": 0,
			"image_id": 5,
			"bbox": [
				291,
				219,
				126,
				56
			],
			"category_id": 6,
			"id": 24
		},
		{
			"segmentation": [
				427,
				220,
				427,
				276,
				553,
				276,
				553,
				220
			],
			"area": 7056,
			"iscrowd": 0,
			"ignore": 0,
			"image_id": 5,
			"bbox": [
				427,
				220,
				126,
				56
			],
			"category_id": 6,
			"id": 25
		},
		{
			"segmentation": [
				153,
				36,
				153,
				66,
				362,
				66,
				362,
				36
			],
			"area": 6270,
			"iscrowd": 0,
			"ignore": 0,
			"image_id": 6,
			"bbox": [
				153,
				36,
				209,
				30
			],
			"category_id": 2,
			"id": 26
		},
		{
			"segmentation": [
				152,
				76,
				152,
				105,
				367,
				105,
				367,
				76
			],
			"area": 6235,
			"iscrowd": 0,
			"ignore": 0,
			"image_id": 6,
			"bbox": [
				152,
				76,
				215,
				29
			],
			"category_id": 2,
			"id": 27
		},
		{
			"segmentation": [
				153,
				115,
				153,
				141,
				360,
				141,
				360,
				115
			],
			"area": 5382,
			"iscrowd": 0,
			"ignore": 0,
			"image_id": 6,
			"bbox": [
				153,
				115,
				207,
				26
			],
			"category_id": 2,
			"id": 28
		},
		{
			"segmentation": [
				364,
				110,
				364,
				142,
				473,
				142,
				473,
				110
			],
			"area": 3488,
			"iscrowd": 0,
			"ignore": 0,
			"image_id": 6,
			"bbox": [
				364,
				110,
				109,
				32
			],
			"category_id": 6,
			"id": 29
		},
		{
			"segmentation": [
				90,
				89,
				90,
				108,
				107,
				108,
				107,
				89
			],
			"area": 323,
			"iscrowd": 0,
			"ignore": 0,
			"image_id": 8,
			"bbox": [
				90,
				89,
				17,
				19
			],
			"category_id": 5,
			"id": 30
		},
		{
			"segmentation": [
				90,
				144,
				90,
				164,
				107,
				164,
				107,
				144
			],
			"area": 340,
			"iscrowd": 0,
			"ignore": 0,
			"image_id": 8,
			"bbox": [
				90,
				144,
				17,
				20
			],
			"category_id": 5,
			"id": 31
		},
		{
			"segmentation": [
				88,
				198,
				88,
				224,
				110,
				224,
				110,
				198
			],
			"area": 572,
			"iscrowd": 0,
			"ignore": 0,
			"image_id": 8,
			"bbox": [
				88,
				198,
				22,
				26
			],
			"category_id": 5,
			"id": 32
		},
		{
			"segmentation": [
				25,
				87,
				25,
				108,
				44,
				108,
				44,
				87
			],
			"area": 399,
			"iscrowd": 0,
			"ignore": 0,
			"image_id": 7,
			"bbox": [
				25,
				87,
				19,
				21
			],
			"category_id": 5,
			"id": 33
		},
		{
			"segmentation": [
				152,
				87,
				152,
				108,
				172,
				108,
				172,
				87
			],
			"area": 420,
			"iscrowd": 0,
			"ignore": 0,
			"image_id": 7,
			"bbox": [
				152,
				87,
				20,
				21
			],
			"category_id": 5,
			"id": 34
		},
		{
			"segmentation": [
				153,
				144,
				153,
				165,
				172,
				165,
				172,
				144
			],
			"area": 399,
			"iscrowd": 0,
			"ignore": 0,
			"image_id": 7,
			"bbox": [
				153,
				144,
				19,
				21
			],
			"category_id": 5,
			"id": 35
		},
		{
			"segmentation": [
				25,
				143,
				25,
				164,
				43,
				164,
				43,
				143
			],
			"area": 378,
			"iscrowd": 0,
			"ignore": 0,
			"image_id": 7,
			"bbox": [
				25,
				143,
				18,
				21
			],
			"category_id": 5,
			"id": 36
		},
		{
			"segmentation": [
				24,
				198,
				24,
				221,
				45,
				221,
				45,
				198
			],
			"area": 483,
			"iscrowd": 0,
			"ignore": 0,
			"image_id": 7,
			"bbox": [
				24,
				198,
				21,
				23
			],
			"category_id": 5,
			"id": 37
		},
		{
			"segmentation": [
				152,
				199,
				152,
				223,
				173,
				223,
				173,
				199
			],
			"area": 504,
			"iscrowd": 0,
			"ignore": 0,
			"image_id": 7,
			"bbox": [
				152,
				199,
				21,
				24
			],
			"category_id": 5,
			"id": 38
		},
		{
			"segmentation": [
				31,
				248,
				31,
				281,
				257,
				281,
				257,
				248
			],
			"area": 7458,
			"iscrowd": 0,
			"ignore": 0,
			"image_id": 7,
			"bbox": [
				31,
				248,
				226,
				33
			],
			"category_id": 2,
			"id": 39
		},
		{
			"segmentation": [
				7,
				64,
				7,
				101,
				275,
				101,
				275,
				64
			],
			"area": 9916,
			"iscrowd": 0,
			"ignore": 0,
			"image_id": 9,
			"bbox": [
				7,
				64,
				268,
				37
			],
			"category_id": 3,
			"id": 40
		},
		{
			"segmentation": [
				102,
				68,
				102,
				98,
				167,
				98,
				167,
				68
			],
			"area": 1950,
			"iscrowd": 0,
			"ignore": 0,
			"image_id": 10,
			"bbox": [
				102,
				68,
				65,
				30
			],
			"category_id": 3,
			"id": 41
		},
		{
			"segmentation": [
				175,
				68,
				175,
				95,
				233,
				95,
				233,
				68
			],
			"area": 1566,
			"iscrowd": 0,
			"ignore": 0,
			"image_id": 10,
			"bbox": [
				175,
				68,
				58,
				27
			],
			"category_id": 3,
			"id": 42
		},
		{
			"segmentation": [
				103,
				106,
				103,
				144,
				240,
				144,
				240,
				106
			],
			"area": 5206,
			"iscrowd": 0,
			"ignore": 0,
			"image_id": 10,
			"bbox": [
				103,
				106,
				137,
				38
			],
			"category_id": 3,
			"id": 43
		},
		{
			"segmentation": [
				339,
				60,
				339,
				92,
				522,
				92,
				522,
				60
			],
			"area": 5856,
			"iscrowd": 0,
			"ignore": 0,
			"image_id": 10,
			"bbox": [
				339,
				60,
				183,
				32
			],
			"category_id": 3,
			"id": 44
		},
		{
			"segmentation": [
				342,
				100,
				342,
				132,
				523,
				132,
				523,
				100
			],
			"area": 5792,
			"iscrowd": 0,
			"ignore": 0,
			"image_id": 10,
			"bbox": [
				342,
				100,
				181,
				32
			],
			"category_id": 3,
			"id": 45
		},
		{
			"segmentation": [
				7,
				21,
				7,
				130,
				291,
				130,
				291,
				21
			],
			"area": 30956,
			"iscrowd": 0,
			"ignore": 0,
			"image_id": 11,
			"bbox": [
				7,
				21,
				284,
				109
			],
			"category_id": 2,
			"id": 46
		},
		{
			"segmentation": [
				99,
				137,
				99,
				161,
				195,
				161,
				195,
				137
			],
			"area": 2304,
			"iscrowd": 0,
			"ignore": 0,
			"image_id": 11,
			"bbox": [
				99,
				137,
				96,
				24
			],
			"category_id": 6,
			"id": 47
		},
		{
			"segmentation": [
				36,
				46,
				36,
				64,
				50,
				64,
				50,
				46
			],
			"area": 252,
			"iscrowd": 0,
			"ignore": 0,
			"image_id": 13,
			"bbox": [
				36,
				46,
				14,
				18
			],
			"category_id": 1,
			"id": 48
		},
		{
			"segmentation": [
				34,
				70,
				34,
				88,
				50,
				88,
				50,
				70
			],
			"area": 288,
			"iscrowd": 0,
			"ignore": 0,
			"image_id": 13,
			"bbox": [
				34,
				70,
				16,
				18
			],
			"category_id": 1,
			"id": 49
		},
		{
			"segmentation": [
				33,
				92,
				33,
				112,
				50,
				112,
				50,
				92
			],
			"area": 340,
			"iscrowd": 0,
			"ignore": 0,
			"image_id": 13,
			"bbox": [
				33,
				92,
				17,
				20
			],
			"category_id": 1,
			"id": 50
		},
		{
			"segmentation": [
				34,
				142,
				34,
				160,
				50,
				160,
				50,
				142
			],
			"area": 288,
			"iscrowd": 0,
			"ignore": 0,
			"image_id": 13,
			"bbox": [
				34,
				142,
				16,
				18
			],
			"category_id": 1,
			"id": 51
		},
		{
			"segmentation": [
				34,
				164,
				34,
				184,
				49,
				184,
				49,
				164
			],
			"area": 300,
			"iscrowd": 0,
			"ignore": 0,
			"image_id": 13,
			"bbox": [
				34,
				164,
				15,
				20
			],
			"category_id": 1,
			"id": 52
		},
		{
			"segmentation": [
				62,
				346,
				62,
				381,
				206,
				381,
				206,
				346
			],
			"area": 5040,
			"iscrowd": 0,
			"ignore": 0,
			"image_id": 19,
			"bbox": [
				62,
				346,
				144,
				35
			],
			"category_id": 2,
			"id": 53
		},
		{
			"segmentation": [
				61,
				258,
				61,
				295,
				316,
				295,
				316,
				258
			],
			"area": 9435,
			"iscrowd": 0,
			"ignore": 0,
			"image_id": 19,
			"bbox": [
				61,
				258,
				255,
				37
			],
			"category_id": 2,
			"id": 54
		},
		{
			"segmentation": [
				164,
				75,
				164,
				110,
				269,
				110,
				269,
				75
			],
			"area": 3675,
			"iscrowd": 0,
			"ignore": 0,
			"image_id": 19,
			"bbox": [
				164,
				75,
				105,
				35
			],
			"category_id": 3,
			"id": 55
		},
		{
			"segmentation": [
				62,
				76,
				62,
				107,
				161,
				107,
				161,
				76
			],
			"area": 3069,
			"iscrowd": 0,
			"ignore": 0,
			"image_id": 19,
			"bbox": [
				62,
				76,
				99,
				31
			],
			"category_id": 3,
			"id": 56
		},
		{
			"segmentation": [
				208,
				344,
				208,
				380,
				315,
				380,
				315,
				344
			],
			"area": 3852,
			"iscrowd": 0,
			"ignore": 0,
			"image_id": 19,
			"bbox": [
				208,
				344,
				107,
				36
			],
			"category_id": 6,
			"id": 57
		},
		{
			"segmentation": [
				62,
				206,
				62,
				254,
				320,
				254,
				320,
				206
			],
			"area": 12384,
			"iscrowd": 0,
			"ignore": 0,
			"image_id": 19,
			"bbox": [
				62,
				206,
				258,
				48
			],
			"category_id": 6,
			"id": 58
		},
		{
			"segmentation": [
				81,
				89,
				81,
				107,
				99,
				107,
				99,
				89
			],
			"area": 324,
			"iscrowd": 0,
			"ignore": 0,
			"image_id": 20,
			"bbox": [
				81,
				89,
				18,
				18
			],
			"category_id": 1,
			"id": 59
		},
		{
			"segmentation": [
				82,
				161,
				82,
				178,
				97,
				178,
				97,
				161
			],
			"area": 255,
			"iscrowd": 0,
			"ignore": 0,
			"image_id": 20,
			"bbox": [
				82,
				161,
				15,
				17
			],
			"category_id": 1,
			"id": 60
		},
		{
			"segmentation": [
				81,
				120,
				81,
				138,
				97,
				138,
				97,
				120
			],
			"area": 288,
			"iscrowd": 0,
			"ignore": 0,
			"image_id": 20,
			"bbox": [
				81,
				120,
				16,
				18
			],
			"category_id": 1,
			"id": 61
		},
		{
			"segmentation": [
				55,
				231,
				55,
				271,
				235,
				271,
				235,
				231
			],
			"area": 7200,
			"iscrowd": 0,
			"ignore": 0,
			"image_id": 20,
			"bbox": [
				55,
				231,
				180,
				40
			],
			"category_id": 6,
			"id": 62
		},
		{
			"segmentation": [
				444,
				53,
				444,
				105,
				594,
				105,
				594,
				53
			],
			"area": 7800,
			"iscrowd": 0,
			"ignore": 0,
			"image_id": 21,
			"bbox": [
				444,
				53,
				150,
				52
			],
			"category_id": 6,
			"id": 63
		},
		{
			"segmentation": [
				444,
				112,
				444,
				160,
				594,
				160,
				594,
				112
			],
			"area": 7200,
			"iscrowd": 0,
			"ignore": 0,
			"image_id": 21,
			"bbox": [
				444,
				112,
				150,
				48
			],
			"category_id": 6,
			"id": 64
		},
		{
			"segmentation": [
				41,
				224,
				41,
				249,
				65,
				249,
				65,
				224
			],
			"area": 600,
			"iscrowd": 0,
			"ignore": 0,
			"image_id": 21,
			"bbox": [
				41,
				224,
				24,
				25
			],
			"category_id": 5,
			"id": 65
		},
		{
			"segmentation": [
				42,
				263,
				42,
				290,
				66,
				290,
				66,
				263
			],
			"area": 648,
			"iscrowd": 0,
			"ignore": 0,
			"image_id": 21,
			"bbox": [
				42,
				263,
				24,
				27
			],
			"category_id": 5,
			"id": 66
		},
		{
			"segmentation": [
				39,
				307,
				39,
				336,
				67,
				336,
				67,
				307
			],
			"area": 812,
			"iscrowd": 0,
			"ignore": 0,
			"image_id": 21,
			"bbox": [
				39,
				307,
				28,
				29
			],
			"category_id": 5,
			"id": 67
		},
		{
			"segmentation": [
				40,
				349,
				40,
				375,
				67,
				375,
				67,
				349
			],
			"area": 702,
			"iscrowd": 0,
			"ignore": 0,
			"image_id": 21,
			"bbox": [
				40,
				349,
				27,
				26
			],
			"category_id": 5,
			"id": 68
		},
		{
			"segmentation": [
				39,
				37,
				39,
				60,
				65,
				60,
				65,
				37
			],
			"area": 598,
			"iscrowd": 0,
			"ignore": 0,
			"image_id": 21,
			"bbox": [
				39,
				37,
				26,
				23
			],
			"category_id": 1,
			"id": 69
		},
		{
			"segmentation": [
				36,
				76,
				36,
				103,
				67,
				103,
				67,
				76
			],
			"area": 837,
			"iscrowd": 0,
			"ignore": 0,
			"image_id": 21,
			"bbox": [
				36,
				76,
				31,
				27
			],
			"category_id": 1,
			"id": 70
		},
		{
			"segmentation": [
				38,
				121,
				38,
				149,
				67,
				149,
				67,
				121
			],
			"area": 812,
			"iscrowd": 0,
			"ignore": 0,
			"image_id": 21,
			"bbox": [
				38,
				121,
				29,
				28
			],
			"category_id": 1,
			"id": 71
		},
		{
			"segmentation": [
				16,
				75,
				16,
				91,
				31,
				91,
				31,
				75
			],
			"area": 240,
			"iscrowd": 0,
			"ignore": 0,
			"image_id": 22,
			"bbox": [
				16,
				75,
				15,
				16
			],
			"category_id": 1,
			"id": 72
		},
		{
			"segmentation": [
				17,
				99,
				17,
				117,
				31,
				117,
				31,
				99
			],
			"area": 252,
			"iscrowd": 0,
			"ignore": 0,
			"image_id": 22,
			"bbox": [
				17,
				99,
				14,
				18
			],
			"category_id": 1,
			"id": 73
		},
		{
			"segmentation": [
				16,
				124,
				16,
				140,
				33,
				140,
				33,
				124
			],
			"area": 272,
			"iscrowd": 0,
			"ignore": 0,
			"image_id": 22,
			"bbox": [
				16,
				124,
				17,
				16
			],
			"category_id": 1,
			"id": 74
		},
		{
			"segmentation": [
				138,
				107,
				138,
				138,
				373,
				138,
				373,
				107
			],
			"area": 7285,
			"iscrowd": 0,
			"ignore": 0,
			"image_id": 18,
			"bbox": [
				138,
				107,
				235,
				31
			],
			"category_id": 3,
			"id": 75
		},
		{
			"segmentation": [
				138,
				137,
				138,
				163,
				187,
				163,
				187,
				137
			],
			"area": 1274,
			"iscrowd": 0,
			"ignore": 0,
			"image_id": 18,
			"bbox": [
				138,
				137,
				49,
				26
			],
			"category_id": 3,
			"id": 76
		},
		{
			"segmentation": [
				215,
				138,
				215,
				163,
				345,
				163,
				345,
				138
			],
			"area": 3250,
			"iscrowd": 0,
			"ignore": 0,
			"image_id": 18,
			"bbox": [
				215,
				138,
				130,
				25
			],
			"category_id": 3,
			"id": 77
		},
		{
			"segmentation": [
				368,
				137,
				368,
				166,
				442,
				166,
				442,
				137
			],
			"area": 2146,
			"iscrowd": 0,
			"ignore": 0,
			"image_id": 18,
			"bbox": [
				368,
				137,
				74,
				29
			],
			"category_id": 3,
			"id": 78
		},
		{
			"segmentation": [
				139,
				51,
				139,
				80,
				285,
				80,
				285,
				51
			],
			"area": 4234,
			"iscrowd": 0,
			"ignore": 0,
			"image_id": 18,
			"bbox": [
				139,
				51,
				146,
				29
			],
			"category_id": 2,
			"id": 79
		},
		{
			"segmentation": [
				374,
				232,
				374,
				271,
				470,
				271,
				470,
				232
			],
			"area": 3744,
			"iscrowd": 0,
			"ignore": 0,
			"image_id": 18,
			"bbox": [
				374,
				232,
				96,
				39
			],
			"category_id": 6,
			"id": 80
		},
		{
			"segmentation": [
				27,
				64,
				27,
				82,
				45,
				82,
				45,
				64
			],
			"area": 324,
			"iscrowd": 0,
			"ignore": 0,
			"image_id": 17,
			"bbox": [
				27,
				64,
				18,
				18
			],
			"category_id": 5,
			"id": 81
		},
		{
			"segmentation": [
				26,
				93,
				26,
				112,
				46,
				112,
				46,
				93
			],
			"area": 380,
			"iscrowd": 0,
			"ignore": 0,
			"image_id": 17,
			"bbox": [
				26,
				93,
				20,
				19
			],
			"category_id": 5,
			"id": 82
		},
		{
			"segmentation": [
				27,
				121,
				27,
				143,
				45,
				143,
				45,
				121
			],
			"area": 396,
			"iscrowd": 0,
			"ignore": 0,
			"image_id": 17,
			"bbox": [
				27,
				121,
				18,
				22
			],
			"category_id": 5,
			"id": 83
		},
		{
			"segmentation": [
				28,
				153,
				28,
				173,
				45,
				173,
				45,
				153
			],
			"area": 340,
			"iscrowd": 0,
			"ignore": 0,
			"image_id": 17,
			"bbox": [
				28,
				153,
				17,
				20
			],
			"category_id": 5,
			"id": 84
		},
		{
			"segmentation": [
				21,
				60,
				21,
				136,
				92,
				136,
				92,
				60
			],
			"area": 5396,
			"iscrowd": 0,
			"ignore": 0,
			"image_id": 16,
			"bbox": [
				21,
				60,
				71,
				76
			],
			"category_id": 5,
			"id": 85
		},
		{
			"segmentation": [
				19,
				177,
				19,
				257,
				100,
				257,
				100,
				177
			],
			"area": 6480,
			"iscrowd": 0,
			"ignore": 0,
			"image_id": 16,
			"bbox": [
				19,
				177,
				81,
				80
			],
			"category_id": 5,
			"id": 86
		},
		{
			"segmentation": [
				15,
				299,
				15,
				376,
				100,
				376,
				100,
				299
			],
			"area": 6545,
			"iscrowd": 0,
			"ignore": 0,
			"image_id": 16,
			"bbox": [
				15,
				299,
				85,
				77
			],
			"category_id": 5,
			"id": 87
		},
		{
			"segmentation": [
				24,
				45,
				24,
				68,
				213,
				68,
				213,
				45
			],
			"area": 4347,
			"iscrowd": 0,
			"ignore": 0,
			"image_id": 15,
			"bbox": [
				24,
				45,
				189,
				23
			],
			"category_id": 2,
			"id": 88
		},
		{
			"segmentation": [
				40,
				126,
				40,
				160,
				104,
				160,
				104,
				126
			],
			"area": 2176,
			"iscrowd": 0,
			"ignore": 0,
			"image_id": 15,
			"bbox": [
				40,
				126,
				64,
				34
			],
			"category_id": 6,
			"id": 89
		},
		{
			"segmentation": [
				129,
				124,
				129,
				160,
				202,
				160,
				202,
				124
			],
			"area": 2628,
			"iscrowd": 0,
			"ignore": 0,
			"image_id": 15,
			"bbox": [
				129,
				124,
				73,
				36
			],
			"category_id": 6,
			"id": 90
		},
		{
			"segmentation": [
				22,
				52,
				22,
				88,
				54,
				88,
				54,
				52
			],
			"area": 1152,
			"iscrowd": 0,
			"ignore": 0,
			"image_id": 14,
			"bbox": [
				22,
				52,
				32,
				36
			],
			"category_id": 5,
			"id": 91
		},
		{
			"segmentation": [
				18,
				101,
				18,
				135,
				55,
				135,
				55,
				101
			],
			"area": 1258,
			"iscrowd": 0,
			"ignore": 0,
			"image_id": 14,
			"bbox": [
				18,
				101,
				37,
				34
			],
			"category_id": 5,
			"id": 92
		},
		{
			"segmentation": [
				19,
				147,
				19,
				184,
				53,
				184,
				53,
				147
			],
			"area": 1258,
			"iscrowd": 0,
			"ignore": 0,
			"image_id": 14,
			"bbox": [
				19,
				147,
				34,
				37
			],
			"category_id": 5,
			"id": 93
		},
		{
			"segmentation": [
				308,
				52,
				308,
				91,
				342,
				91,
				342,
				52
			],
			"area": 1326,
			"iscrowd": 0,
			"ignore": 0,
			"image_id": 14,
			"bbox": [
				308,
				52,
				34,
				39
			],
			"category_id": 5,
			"id": 94
		},
		{
			"segmentation": [
				308,
				100,
				308,
				136,
				344,
				136,
				344,
				100
			],
			"area": 1296,
			"iscrowd": 0,
			"ignore": 0,
			"image_id": 14,
			"bbox": [
				308,
				100,
				36,
				36
			],
			"category_id": 5,
			"id": 95
		},
		{
			"segmentation": [
				306,
				146,
				306,
				184,
				342,
				184,
				342,
				146
			],
			"area": 1368,
			"iscrowd": 0,
			"ignore": 0,
			"image_id": 14,
			"bbox": [
				306,
				146,
				36,
				38
			],
			"category_id": 5,
			"id": 96
		},
		{
			"segmentation": [
				14,
				30,
				14,
				147,
				239,
				147,
				239,
				30
			],
			"area": 26325,
			"iscrowd": 0,
			"ignore": 0,
			"image_id": 12,
			"bbox": [
				14,
				30,
				225,
				117
			],
			"category_id": 2,
			"id": 97
		},
		{
			"segmentation": [
				67,
				149,
				67,
				166,
				186,
				166,
				186,
				149
			],
			"area": 2023,
			"iscrowd": 0,
			"ignore": 0,
			"image_id": 12,
			"bbox": [
				67,
				149,
				119,
				17
			],
			"category_id": 3,
			"id": 98
		},
		{
			"segmentation": [
				85,
				174,
				85,
				193,
				157,
				193,
				157,
				174
			],
			"area": 1368,
			"iscrowd": 0,
			"ignore": 0,
			"image_id": 12,
			"bbox": [
				85,
				174,
				72,
				19
			],
			"category_id": 6,
			"id": 99
		},
		{
			"segmentation": [
				80,
				119,
				80,
				148,
				776,
				148,
				776,
				119
			],
			"area": 20184,
			"iscrowd": 0,
			"ignore": 0,
			"image_id": 23,
			"bbox": [
				80,
				119,
				696,
				29
			],
			"category_id": 2,
			"id": 1
		},
		{
			"segmentation": [
				77,
				151,
				77,
				180,
				774,
				180,
				774,
				151
			],
			"area": 20213,
			"iscrowd": 0,
			"ignore": 0,
			"image_id": 23,
			"bbox": [
				77,
				151,
				697,
				29
			],
			"category_id": 2,
			"id": 2
		},
		{
			"segmentation": [
				549,
				232,
				549,
				259,
				602,
				259,
				602,
				232
			],
			"area": 1431,
			"iscrowd": 0,
			"ignore": 0,
			"image_id": 23,
			"bbox": [
				549,
				232,
				53,
				27
			],
			"category_id": 2,
			"id": 3
		},
		{
			"segmentation": [
				721,
				216,
				721,
				245,
				775,
				245,
				775,
				216
			],
			"area": 1566,
			"iscrowd": 0,
			"ignore": 0,
			"image_id": 23,
			"bbox": [
				721,
				216,
				54,
				29
			],
			"category_id": 2,
			"id": 4
		},
		{
			"segmentation": [
				667,
				266,
				667,
				291,
				776,
				291,
				776,
				266
			],
			"area": 2725,
			"iscrowd": 0,
			"ignore": 0,
			"image_id": 23,
			"bbox": [
				667,
				266,
				109,
				25
			],
			"category_id": 2,
			"id": 5
		},
		{
			"segmentation": [
				215,
				297,
				215,
				320,
				610,
				320,
				610,
				297
			],
			"area": 9085,
			"iscrowd": 0,
			"ignore": 0,
			"image_id": 23,
			"bbox": [
				215,
				297,
				395,
				23
			],
			"category_id": 2,
			"id": 6
		},
		{
			"segmentation": [
				71,
				325,
				71,
				354,
				521,
				354,
				521,
				325
			],
			"area": 13050,
			"iscrowd": 0,
			"ignore": 0,
			"image_id": 23,
			"bbox": [
				71,
				325,
				450,
				29
			],
			"category_id": 2,
			"id": 7
		},
		{
			"segmentation": [
				75,
				363,
				75,
				385,
				523,
				385,
				523,
				363
			],
			"area": 9856,
			"iscrowd": 0,
			"ignore": 0,
			"image_id": 23,
			"bbox": [
				75,
				363,
				448,
				22
			],
			"category_id": 2,
			"id": 8
		},
		{
			"segmentation": [
				520,
				325,
				520,
				386,
				787,
				386,
				787,
				325
			],
			"area": 16287,
			"iscrowd": 0,
			"ignore": 0,
			"image_id": 23,
			"bbox": [
				520,
				325,
				267,
				61
			],
			"category_id": 2,
			"id": 9
		},
		{
			"segmentation": [
				556,
				445,
				556,
				480,
				579,
				480,
				579,
				445
			],
			"area": 805,
			"iscrowd": 0,
			"ignore": 0,
			"image_id": 23,
			"bbox": [
				556,
				445,
				23,
				35
			],
			"category_id": 2,
			"id": 10
		},
		{
			"segmentation": [
				576,
				442,
				576,
				483,
				602,
				483,
				602,
				442
			],
			"area": 1066,
			"iscrowd": 0,
			"ignore": 0,
			"image_id": 23,
			"bbox": [
				576,
				442,
				26,
				41
			],
			"category_id": 2,
			"id": 11
		},
		{
			"segmentation": [
				598,
				442,
				598,
				483,
				621,
				483,
				621,
				442
			],
			"area": 943,
			"iscrowd": 0,
			"ignore": 0,
			"image_id": 23,
			"bbox": [
				598,
				442,
				23,
				41
			],
			"category_id": 2,
			"id": 12
		},
		{
			"segmentation": [
				634,
				444,
				634,
				480,
				659,
				480,
				659,
				444
			],
			"area": 900,
			"iscrowd": 0,
			"ignore": 0,
			"image_id": 23,
			"bbox": [
				634,
				444,
				25,
				36
			],
			"category_id": 2,
			"id": 13
		},
		{
			"segmentation": [
				656,
				441,
				656,
				484,
				678,
				484,
				678,
				441
			],
			"area": 946,
			"iscrowd": 0,
			"ignore": 0,
			"image_id": 23,
			"bbox": [
				656,
				441,
				22,
				43
			],
			"category_id": 2,
			"id": 14
		},
		{
			"segmentation": [
				692,
				442,
				692,
				484,
				714,
				484,
				714,
				442
			],
			"area": 924,
			"iscrowd": 0,
			"ignore": 0,
			"image_id": 23,
			"bbox": [
				692,
				442,
				22,
				42
			],
			"category_id": 2,
			"id": 15
		},
		{
			"segmentation": [
				748,
				444,
				748,
				483,
				774,
				483,
				774,
				444
			],
			"area": 1014,
			"iscrowd": 0,
			"ignore": 0,
			"image_id": 23,
			"bbox": [
				748,
				444,
				26,
				39
			],
			"category_id": 2,
			"id": 16
		},
		{
			"segmentation": [
				729,
				444,
				729,
				483,
				753,
				483,
				753,
				444
			],
			"area": 936,
			"iscrowd": 0,
			"ignore": 0,
			"image_id": 23,
			"bbox": [
				729,
				444,
				24,
				39
			],
			"category_id": 2,
			"id": 17
		},
		{
			"segmentation": [
				715,
				443,
				715,
				486,
				733,
				486,
				733,
				443
			],
			"area": 774,
			"iscrowd": 0,
			"ignore": 0,
			"image_id": 23,
			"bbox": [
				715,
				443,
				18,
				43
			],
			"category_id": 2,
			"id": 18
		},
		{
			"segmentation": [
				73,
				387,
				73,
				417,
				780,
				417,
				780,
				387
			],
			"area": 21210,
			"iscrowd": 0,
			"ignore": 0,
			"image_id": 23,
			"bbox": [
				73,
				387,
				707,
				30
			],
			"category_id": 2,
			"id": 19
		},
		{
			"segmentation": [
				555,
				504,
				555,
				544,
				581,
				544,
				581,
				504
			],
			"area": 1040,
			"iscrowd": 0,
			"ignore": 0,
			"image_id": 23,
			"bbox": [
				555,
				504,
				26,
				40
			],
			"category_id": 2,
			"id": 20
		},
		{
			"segmentation": [
				574,
				504,
				574,
				543,
				601,
				543,
				601,
				504
			],
			"area": 1053,
			"iscrowd": 0,
			"ignore": 0,
			"image_id": 23,
			"bbox": [
				574,
				504,
				27,
				39
			],
			"category_id": 2,
			"id": 21
		},
		{
			"segmentation": [
				614,
				504,
				614,
				548,
				639,
				548,
				639,
				504
			],
			"area": 1100,
			"iscrowd": 0,
			"ignore": 0,
			"image_id": 23,
			"bbox": [
				614,
				504,
				25,
				44
			],
			"category_id": 2,
			"id": 22
		},
		{
			"segmentation": [
				729,
				507,
				729,
				547,
				755,
				547,
				755,
				507
			],
			"area": 1040,
			"iscrowd": 0,
			"ignore": 0,
			"image_id": 23,
			"bbox": [
				729,
				507,
				26,
				40
			],
			"category_id": 2,
			"id": 23
		},
		{
			"segmentation": [
				710,
				502,
				710,
				547,
				731,
				547,
				731,
				502
			],
			"area": 945,
			"iscrowd": 0,
			"ignore": 0,
			"image_id": 23,
			"bbox": [
				710,
				502,
				21,
				45
			],
			"category_id": 2,
			"id": 24
		},
		{
			"segmentation": [
				691,
				503,
				691,
				548,
				714,
				548,
				714,
				503
			],
			"area": 1035,
			"iscrowd": 0,
			"ignore": 0,
			"image_id": 23,
			"bbox": [
				691,
				503,
				23,
				45
			],
			"category_id": 2,
			"id": 25
		},
		{
			"segmentation": [
				671,
				502,
				671,
				545,
				693,
				545,
				693,
				502
			],
			"area": 946,
			"iscrowd": 0,
			"ignore": 0,
			"image_id": 23,
			"bbox": [
				671,
				502,
				22,
				43
			],
			"category_id": 2,
			"id": 26
		},
		{
			"segmentation": [
				654,
				504,
				654,
				548,
				673,
				548,
				673,
				504
			],
			"area": 836,
			"iscrowd": 0,
			"ignore": 0,
			"image_id": 23,
			"bbox": [
				654,
				504,
				19,
				44
			],
			"category_id": 2,
			"id": 27
		},
		{
			"segmentation": [
				635,
				502,
				635,
				545,
				658,
				545,
				658,
				502
			],
			"area": 989,
			"iscrowd": 0,
			"ignore": 0,
			"image_id": 23,
			"bbox": [
				635,
				502,
				23,
				43
			],
			"category_id": 2,
			"id": 28
		},
		{
			"segmentation": [
				140,
				319,
				140,
				356,
				1252,
				356,
				1252,
				319
			],
			"area": 41144,
			"iscrowd": 0,
			"ignore": 0,
			"image_id": 24,
			"bbox": [
				140,
				319,
				1112,
				37
			],
			"category_id": 2,
			"id": 29
		},
		{
			"segmentation": [
				137,
				370,
				137,
				407,
				1251,
				407,
				1251,
				370
			],
			"area": 41218,
			"iscrowd": 0,
			"ignore": 0,
			"image_id": 24,
			"bbox": [
				137,
				370,
				1114,
				37
			],
			"category_id": 2,
			"id": 30
		},
		{
			"segmentation": [
				360,
				601,
				360,
				633,
				984,
				633,
				984,
				601
			],
			"area": 19968,
			"iscrowd": 0,
			"ignore": 0,
			"image_id": 24,
			"bbox": [
				360,
				601,
				624,
				32
			],
			"category_id": 2,
			"id": 31
		},
		{
			"segmentation": [
				845,
				644,
				845,
				738,
				1244,
				738,
				1244,
				644
			],
			"area": 37506,
			"iscrowd": 0,
			"ignore": 0,
			"image_id": 24,
			"bbox": [
				845,
				644,
				399,
				94
			],
			"category_id": 2,
			"id": 32
		},
		{
			"segmentation": [
				141,
				648,
				141,
				689,
				847,
				689,
				847,
				648
			],
			"area": 28946,
			"iscrowd": 0,
			"ignore": 0,
			"image_id": 24,
			"bbox": [
				141,
				648,
				706,
				41
			],
			"category_id": 2,
			"id": 33
		},
		{
			"segmentation": [
				137,
				701,
				137,
				735,
				848,
				735,
				848,
				701
			],
			"area": 24174,
			"iscrowd": 0,
			"ignore": 0,
			"image_id": 24,
			"bbox": [
				137,
				701,
				711,
				34
			],
			"category_id": 2,
			"id": 34
		},
		{
			"segmentation": [
				137,
				747,
				137,
				789,
				1244,
				789,
				1244,
				747
			],
			"area": 46494,
			"iscrowd": 0,
			"ignore": 0,
			"image_id": 24,
			"bbox": [
				137,
				747,
				1107,
				42
			],
			"category_id": 2,
			"id": 35
		},
		{
			"segmentation": [
				1167,
				471,
				1167,
				510,
				1248,
				510,
				1248,
				471
			],
			"area": 3159,
			"iscrowd": 0,
			"ignore": 0,
			"image_id": 24,
			"bbox": [
				1167,
				471,
				81,
				39
			],
			"category_id": 2,
			"id": 36
		},
		{
			"segmentation": [
				1086,
				550,
				1086,
				586,
				1251,
				586,
				1251,
				550
			],
			"area": 5940,
			"iscrowd": 0,
			"ignore": 0,
			"image_id": 24,
			"bbox": [
				1086,
				550,
				165,
				36
			],
			"category_id": 2,
			"id": 37
		},
		{
			"segmentation": [
				890,
				498,
				890,
				535,
				973,
				535,
				973,
				498
			],
			"area": 3071,
			"iscrowd": 0,
			"ignore": 0,
			"image_id": 24,
			"bbox": [
				890,
				498,
				83,
				37
			],
			"category_id": 2,
			"id": 38
		},
		{
			"segmentation": [
				156,
				455,
				156,
				487,
				182,
				487,
				182,
				455
			],
			"area": 832,
			"iscrowd": 0,
			"ignore": 0,
			"image_id": 24,
			"bbox": [
				156,
				455,
				26,
				32
			],
			"category_id": 5,
			"id": 39
		},
		{
			"segmentation": [
				397,
				453,
				397,
				481,
				424,
				481,
				424,
				453
			],
			"area": 756,
			"iscrowd": 0,
			"ignore": 0,
			"image_id": 24,
			"bbox": [
				397,
				453,
				27,
				28
			],
			"category_id": 5,
			"id": 40
		},
		{
			"segmentation": [
				547,
				448,
				547,
				482,
				579,
				482,
				579,
				448
			],
			"area": 1088,
			"iscrowd": 0,
			"ignore": 0,
			"image_id": 24,
			"bbox": [
				547,
				448,
				32,
				34
			],
			"category_id": 5,
			"id": 41
		},
		{
			"segmentation": [
				702,
				452,
				702,
				482,
				730,
				482,
				730,
				452
			],
			"area": 840,
			"iscrowd": 0,
			"ignore": 0,
			"image_id": 24,
			"bbox": [
				702,
				452,
				28,
				30
			],
			"category_id": 5,
			"id": 42
		},
		{
			"segmentation": [
				855,
				449,
				855,
				483,
				885,
				483,
				885,
				449
			],
			"area": 1020,
			"iscrowd": 0,
			"ignore": 0,
			"image_id": 24,
			"bbox": [
				855,
				449,
				30,
				34
			],
			"category_id": 5,
			"id": 43
		},
		{
			"segmentation": [
				154,
				504,
				154,
				534,
				181,
				534,
				181,
				504
			],
			"area": 810,
			"iscrowd": 0,
			"ignore": 0,
			"image_id": 24,
			"bbox": [
				154,
				504,
				27,
				30
			],
			"category_id": 5,
			"id": 44
		},
		{
			"segmentation": [
				157,
				609,
				157,
				632,
				183,
				632,
				183,
				609
			],
			"area": 598,
			"iscrowd": 0,
			"ignore": 0,
			"image_id": 24,
			"bbox": [
				157,
				609,
				26,
				23
			],
			"category_id": 5,
			"id": 45
		},
		{
			"segmentation": [
				278,
				367,
				278,
				386,
				302,
				386,
				302,
				367
			],
			"area": 456,
			"iscrowd": 0,
			"ignore": 0,
			"image_id": 25,
			"bbox": [
				278,
				367,
				24,
				19
			],
			"category_id": 5,
			"id": 46
		},
		{
			"segmentation": [
				334,
				365,
				334,
				390,
				360,
				390,
				360,
				365
			],
			"area": 650,
			"iscrowd": 0,
			"ignore": 0,
			"image_id": 25,
			"bbox": [
				334,
				365,
				26,
				25
			],
			"category_id": 5,
			"id": 47
		},
		{
			"segmentation": [
				276,
				191,
				276,
				219,
				302,
				219,
				302,
				191
			],
			"area": 728,
			"iscrowd": 0,
			"ignore": 0,
			"image_id": 25,
			"bbox": [
				276,
				191,
				26,
				28
			],
			"category_id": 5,
			"id": 48
		},
		{
			"segmentation": [
				338,
				191,
				338,
				220,
				360,
				220,
				360,
				191
			],
			"area": 638,
			"iscrowd": 0,
			"ignore": 0,
			"image_id": 25,
			"bbox": [
				338,
				191,
				22,
				29
			],
			"category_id": 5,
			"id": 49
		},
		{
			"segmentation": [
				278,
				541,
				278,
				561,
				302,
				561,
				302,
				541
			],
			"area": 480,
			"iscrowd": 0,
			"ignore": 0,
			"image_id": 25,
			"bbox": [
				278,
				541,
				24,
				20
			],
			"category_id": 5,
			"id": 50
		},
		{
			"segmentation": [
				339,
				537,
				339,
				562,
				361,
				562,
				361,
				537
			],
			"area": 550,
			"iscrowd": 0,
			"ignore": 0,
			"image_id": 25,
			"bbox": [
				339,
				537,
				22,
				25
			],
			"category_id": 5,
			"id": 51
		},
		{
			"segmentation": [
				491,
				273,
				491,
				297,
				625,
				297,
				625,
				273
			],
			"area": 3216,
			"iscrowd": 0,
			"ignore": 0,
			"image_id": 25,
			"bbox": [
				491,
				273,
				134,
				24
			],
			"category_id": 3,
			"id": 52
		},
		{
			"segmentation": [
				486,
				97,
				486,
				127,
				627,
				127,
				627,
				97
			],
			"area": 4230,
			"iscrowd": 0,
			"ignore": 0,
			"image_id": 25,
			"bbox": [
				486,
				97,
				141,
				30
			],
			"category_id": 3,
			"id": 53
		},
		{
			"segmentation": [
				490,
				443,
				490,
				473,
				625,
				473,
				625,
				443
			],
			"area": 4050,
			"iscrowd": 0,
			"ignore": 0,
			"image_id": 25,
			"bbox": [
				490,
				443,
				135,
				30
			],
			"category_id": 3,
			"id": 54
		},
		{
			"segmentation": [
				101,
				64,
				101,
				89,
				478,
				89,
				478,
				64
			],
			"area": 9425,
			"iscrowd": 0,
			"ignore": 0,
			"image_id": 25,
			"bbox": [
				101,
				64,
				377,
				25
			],
			"category_id": 2,
			"id": 55
		},
		{
			"segmentation": [
				542,
				60,
				542,
				90,
				757,
				90,
				757,
				60
			],
			"area": 6450,
			"iscrowd": 0,
			"ignore": 0,
			"image_id": 25,
			"bbox": [
				542,
				60,
				215,
				30
			],
			"category_id": 2,
			"id": 56
		},
		{
			"segmentation": [
				35,
				99,
				35,
				127,
				292,
				127,
				292,
				99
			],
			"area": 7196,
			"iscrowd": 0,
			"ignore": 0,
			"image_id": 25,
			"bbox": [
				35,
				99,
				257,
				28
			],
			"category_id": 2,
			"id": 57
		},
		{
			"segmentation": [
				302,
				96,
				302,
				126,
				478,
				126,
				478,
				96
			],
			"area": 5280,
			"iscrowd": 0,
			"ignore": 0,
			"image_id": 25,
			"bbox": [
				302,
				96,
				176,
				30
			],
			"category_id": 2,
			"id": 58
		},
		{
			"segmentation": [
				178,
				146,
				178,
				169,
				760,
				169,
				760,
				146
			],
			"area": 13386,
			"iscrowd": 0,
			"ignore": 0,
			"image_id": 25,
			"bbox": [
				178,
				146,
				582,
				23
			],
			"category_id": 2,
			"id": 59
		},
		{
			"segmentation": [
				97,
				232,
				97,
				263,
				475,
				263,
				475,
				232
			],
			"area": 11718,
			"iscrowd": 0,
			"ignore": 0,
			"image_id": 25,
			"bbox": [
				97,
				232,
				378,
				31
			],
			"category_id": 2,
			"id": 60
		},
		{
			"segmentation": [
				38,
				621,
				38,
				663,
				222,
				663,
				222,
				621
			],
			"area": 7728,
			"iscrowd": 0,
			"ignore": 0,
			"image_id": 25,
			"bbox": [
				38,
				621,
				184,
				42
			],
			"category_id": 2,
			"id": 61
		},
		{
			"segmentation": [
				35,
				936,
				35,
				989,
				189,
				989,
				189,
				936
			],
			"area": 8162,
			"iscrowd": 0,
			"ignore": 0,
			"image_id": 25,
			"bbox": [
				35,
				936,
				154,
				53
			],
			"category_id": 2,
			"id": 62
		},
		{
			"segmentation": [
				196,
				930,
				196,
				988,
				764,
				988,
				764,
				930
			],
			"area": 32944,
			"iscrowd": 0,
			"ignore": 0,
			"image_id": 25,
			"bbox": [
				196,
				930,
				568,
				58
			],
			"category_id": 2,
			"id": 63
		},
		{
			"segmentation": [
				642,
				620,
				642,
				663,
				757,
				663,
				757,
				620
			],
			"area": 4945,
			"iscrowd": 0,
			"ignore": 0,
			"image_id": 25,
			"bbox": [
				642,
				620,
				115,
				43
			],
			"category_id": 2,
			"id": 64
		},
		{
			"segmentation": [
				435,
				621,
				435,
				666,
				644,
				666,
				644,
				621
			],
			"area": 9405,
			"iscrowd": 0,
			"ignore": 0,
			"image_id": 25,
			"bbox": [
				435,
				621,
				209,
				45
			],
			"category_id": 2,
			"id": 65
		},
		{
			"segmentation": [
				226,
				615,
				226,
				666,
				434,
				666,
				434,
				615
			],
			"area": 10608,
			"iscrowd": 0,
			"ignore": 0,
			"image_id": 25,
			"bbox": [
				226,
				615,
				208,
				51
			],
			"category_id": 2,
			"id": 66
		},
		{
			"segmentation": [
				205,
				357,
				205,
				383,
				346,
				383,
				346,
				357
			],
			"area": 3666,
			"iscrowd": 0,
			"ignore": 0,
			"image_id": 27,
			"bbox": [
				205,
				357,
				141,
				26
			],
			"category_id": 3,
			"id": 67
		},
		{
			"segmentation": [
				245,
				824,
				245,
				849,
				379,
				849,
				379,
				824
			],
			"area": 3350,
			"iscrowd": 0,
			"ignore": 0,
			"image_id": 27,
			"bbox": [
				245,
				824,
				134,
				25
			],
			"category_id": 3,
			"id": 68
		},
		{
			"segmentation": [
				631,
				823,
				631,
				850,
				763,
				850,
				763,
				823
			],
			"area": 3564,
			"iscrowd": 0,
			"ignore": 0,
			"image_id": 27,
			"bbox": [
				631,
				823,
				132,
				27
			],
			"category_id": 3,
			"id": 69
		},
		{
			"segmentation": [
				18,
				381,
				18,
				405,
				40,
				405,
				40,
				381
			],
			"area": 528,
			"iscrowd": 0,
			"ignore": 0,
			"image_id": 27,
			"bbox": [
				18,
				381,
				22,
				24
			],
			"category_id": 5,
			"id": 70
		},
		{
			"segmentation": [
				76,
				381,
				76,
				407,
				102,
				407,
				102,
				381
			],
			"area": 676,
			"iscrowd": 0,
			"ignore": 0,
			"image_id": 27,
			"bbox": [
				76,
				381,
				26,
				26
			],
			"category_id": 5,
			"id": 71
		},
		{
			"segmentation": [
				463,
				437,
				463,
				464,
				482,
				464,
				482,
				437
			],
			"area": 513,
			"iscrowd": 0,
			"ignore": 0,
			"image_id": 27,
			"bbox": [
				463,
				437,
				19,
				27
			],
			"category_id": 5,
			"id": 72
		},
		{
			"segmentation": [
				517,
				440,
				517,
				468,
				542,
				468,
				542,
				440
			],
			"area": 700,
			"iscrowd": 0,
			"ignore": 0,
			"image_id": 27,
			"bbox": [
				517,
				440,
				25,
				28
			],
			"category_id": 5,
			"id": 73
		},
		{
			"segmentation": [
				463,
				466,
				463,
				488,
				487,
				488,
				487,
				466
			],
			"area": 528,
			"iscrowd": 0,
			"ignore": 0,
			"image_id": 27,
			"bbox": [
				463,
				466,
				24,
				22
			],
			"category_id": 5,
			"id": 74
		},
		{
			"segmentation": [
				516,
				467,
				516,
				490,
				543,
				490,
				543,
				467
			],
			"area": 621,
			"iscrowd": 0,
			"ignore": 0,
			"image_id": 27,
			"bbox": [
				516,
				467,
				27,
				23
			],
			"category_id": 5,
			"id": 75
		},
		{
			"segmentation": [
				459,
				483,
				459,
				508,
				484,
				508,
				484,
				483
			],
			"area": 625,
			"iscrowd": 0,
			"ignore": 0,
			"image_id": 27,
			"bbox": [
				459,
				483,
				25,
				25
			],
			"category_id": 5,
			"id": 76
		},
		{
			"segmentation": [
				519,
				484,
				519,
				509,
				542,
				509,
				542,
				484
			],
			"area": 575,
			"iscrowd": 0,
			"ignore": 0,
			"image_id": 27,
			"bbox": [
				519,
				484,
				23,
				25
			],
			"category_id": 5,
			"id": 77
		},
		{
			"segmentation": [
				419,
				250,
				419,
				267,
				435,
				267,
				435,
				250
			],
			"area": 272,
			"iscrowd": 0,
			"ignore": 0,
			"image_id": 28,
			"bbox": [
				419,
				250,
				16,
				17
			],
			"category_id": 5,
			"id": 78
		},
		{
			"segmentation": [
				469,
				250,
				469,
				266,
				482,
				266,
				482,
				250
			],
			"area": 208,
			"iscrowd": 0,
			"ignore": 0,
			"image_id": 28,
			"bbox": [
				469,
				250,
				13,
				16
			],
			"category_id": 5,
			"id": 79
		},
		{
			"segmentation": [
				527,
				251,
				527,
				264,
				541,
				264,
				541,
				251
			],
			"area": 182,
			"iscrowd": 0,
			"ignore": 0,
			"image_id": 28,
			"bbox": [
				527,
				251,
				14,
				13
			],
			"category_id": 5,
			"id": 80
		},
		{
			"segmentation": [
				695,
				289,
				695,
				304,
				710,
				304,
				710,
				289
			],
			"area": 225,
			"iscrowd": 0,
			"ignore": 0,
			"image_id": 28,
			"bbox": [
				695,
				289,
				15,
				15
			],
			"category_id": 5,
			"id": 81
		},
		{
			"segmentation": [
				88,
				232,
				88,
				254,
				300,
				254,
				300,
				232
			],
			"area": 4664,
			"iscrowd": 0,
			"ignore": 0,
			"image_id": 28,
			"bbox": [
				88,
				232,
				212,
				22
			],
			"category_id": 2,
			"id": 82
		},
		{
			"segmentation": [
				90,
				261,
				90,
				280,
				409,
				280,
				409,
				261
			],
			"area": 6061,
			"iscrowd": 0,
			"ignore": 0,
			"image_id": 28,
			"bbox": [
				90,
				261,
				319,
				19
			],
			"category_id": 2,
			"id": 83
		},
		{
			"segmentation": [
				90,
				287,
				90,
				307,
				408,
				307,
				408,
				287
			],
			"area": 6360,
			"iscrowd": 0,
			"ignore": 0,
			"image_id": 28,
			"bbox": [
				90,
				287,
				318,
				20
			],
			"category_id": 2,
			"id": 84
		},
		{
			"segmentation": [
				570,
				372,
				570,
				391,
				713,
				391,
				713,
				372
			],
			"area": 2717,
			"iscrowd": 0,
			"ignore": 0,
			"image_id": 28,
			"bbox": [
				570,
				372,
				143,
				19
			],
			"category_id": 2,
			"id": 85
		},
		{
			"segmentation": [
				313,
				106,
				313,
				135,
				562,
				135,
				562,
				106
			],
			"area": 7221,
			"iscrowd": 0,
			"ignore": 0,
			"image_id": 29,
			"bbox": [
				313,
				106,
				249,
				29
			],
			"category_id": 2,
			"id": 86
		},
		{
			"segmentation": [
				319,
				141,
				319,
				169,
				557,
				169,
				557,
				141
			],
			"area": 6664,
			"iscrowd": 0,
			"ignore": 0,
			"image_id": 29,
			"bbox": [
				319,
				141,
				238,
				28
			],
			"category_id": 2,
			"id": 87
		},
		{
			"segmentation": [
				321,
				210,
				321,
				255,
				557,
				255,
				557,
				210
			],
			"area": 10620,
			"iscrowd": 0,
			"ignore": 0,
			"image_id": 29,
			"bbox": [
				321,
				210,
				236,
				45
			],
			"category_id": 2,
			"id": 88
		},
		{
			"segmentation": [
				320,
				275,
				320,
				304,
				405,
				304,
				405,
				275
			],
			"area": 2465,
			"iscrowd": 0,
			"ignore": 0,
			"image_id": 29,
			"bbox": [
				320,
				275,
				85,
				29
			],
			"category_id": 6,
			"id": 89
		},
		{
			"segmentation": [
				434,
				273,
				434,
				305,
				520,
				305,
				520,
				273
			],
			"area": 2752,
			"iscrowd": 0,
			"ignore": 0,
			"image_id": 29,
			"bbox": [
				434,
				273,
				86,
				32
			],
			"category_id": 6,
			"id": 90
		},
		{
			"segmentation": [
				322,
				175,
				322,
				196,
				343,
				196,
				343,
				175
			],
			"area": 441,
			"iscrowd": 0,
			"ignore": 0,
			"image_id": 29,
			"bbox": [
				322,
				175,
				21,
				21
			],
			"category_id": 5,
			"id": 91
		},
		{
			"segmentation": [
				202,
				428,
				202,
				453,
				223,
				453,
				223,
				428
			],
			"area": 525,
			"iscrowd": 0,
			"ignore": 0,
			"image_id": 32,
			"bbox": [
				202,
				428,
				21,
				25
			],
			"category_id": 1,
			"id": 92
		},
		{
			"segmentation": [
				316,
				429,
				316,
				453,
				340,
				453,
				340,
				429
			],
			"area": 576,
			"iscrowd": 0,
			"ignore": 0,
			"image_id": 32,
			"bbox": [
				316,
				429,
				24,
				24
			],
			"category_id": 1,
			"id": 93
		},
		{
			"segmentation": [
				437,
				429,
				437,
				452,
				463,
				452,
				463,
				429
			],
			"area": 598,
			"iscrowd": 0,
			"ignore": 0,
			"image_id": 32,
			"bbox": [
				437,
				429,
				26,
				23
			],
			"category_id": 1,
			"id": 94
		},
		{
			"segmentation": [
				202,
				475,
				202,
				501,
				223,
				501,
				223,
				475
			],
			"area": 546,
			"iscrowd": 0,
			"ignore": 0,
			"image_id": 32,
			"bbox": [
				202,
				475,
				21,
				26
			],
			"category_id": 5,
			"id": 95
		},
		{
			"segmentation": [
				399,
				475,
				399,
				500,
				422,
				500,
				422,
				475
			],
			"area": 575,
			"iscrowd": 0,
			"ignore": 0,
			"image_id": 32,
			"bbox": [
				399,
				475,
				23,
				25
			],
			"category_id": 5,
			"id": 96
		},
		{
			"segmentation": [
				201,
				376,
				201,
				407,
				424,
				407,
				424,
				376
			],
			"area": 6913,
			"iscrowd": 0,
			"ignore": 0,
			"image_id": 32,
			"bbox": [
				201,
				376,
				223,
				31
			],
			"category_id": 2,
			"id": 97
		},
		{
			"segmentation": [
				257,
				325,
				257,
				362,
				424,
				362,
				424,
				325
			],
			"area": 6179,
			"iscrowd": 0,
			"ignore": 0,
			"image_id": 32,
			"bbox": [
				257,
				325,
				167,
				37
			],
			"category_id": 2,
			"id": 98
		},
		{
			"segmentation": [
				198,
				326,
				198,
				360,
				254,
				360,
				254,
				326
			],
			"area": 1904,
			"iscrowd": 0,
			"ignore": 0,
			"image_id": 32,
			"bbox": [
				198,
				326,
				56,
				34
			],
			"category_id": 3,
			"id": 99
		},
		{
			"segmentation": [
				418,
				585,
				418,
				666,
				1054,
				666,
				1054,
				585
			],
			"area": 51516,
			"iscrowd": 0,
			"ignore": 0,
			"image_id": 33,
			"bbox": [
				418,
				585,
				636,
				81
			],
			"category_id": 3,
			"id": 100
		},
		{
			"segmentation": [
				423,
				658,
				423,
				750,
				1055,
				750,
				1055,
				658
			],
			"area": 58144,
			"iscrowd": 0,
			"ignore": 0,
			"image_id": 33,
			"bbox": [
				423,
				658,
				632,
				92
			],
			"category_id": 3,
			"id": 101
		},
		{
			"segmentation": [
				1442,
				581,
				1442,
				666,
				2085,
				666,
				2085,
				581
			],
			"area": 54655,
			"iscrowd": 0,
			"ignore": 0,
			"image_id": 33,
			"bbox": [
				1442,
				581,
				643,
				85
			],
			"category_id": 3,
			"id": 102
		},
		{
			"segmentation": [
				1433,
				653,
				1433,
				748,
				2086,
				748,
				2086,
				653
			],
			"area": 62035,
			"iscrowd": 0,
			"ignore": 0,
			"image_id": 33,
			"bbox": [
				1433,
				653,
				653,
				95
			],
			"category_id": 3,
			"id": 103
		},
		{
			"segmentation": [
				320,
				330,
				320,
				421,
				1065,
				421,
				1065,
				330
			],
			"area": 67795,
			"iscrowd": 0,
			"ignore": 0,
			"image_id": 33,
			"bbox": [
				320,
				330,
				745,
				91
			],
			"category_id": 2,
			"id": 104
		},
		{
			"segmentation": [
				1343,
				330,
				1343,
				421,
				2078,
				421,
				2078,
				330
			],
			"area": 66885,
			"iscrowd": 0,
			"ignore": 0,
			"image_id": 33,
			"bbox": [
				1343,
				330,
				735,
				91
			],
			"category_id": 2,
			"id": 105
		},
		{
			"segmentation": [
				1733,
				32,
				1733,
				122,
				2083,
				122,
				2083,
				32
			],
			"area": 31500,
			"iscrowd": 0,
			"ignore": 0,
			"image_id": 33,
			"bbox": [
				1733,
				32,
				350,
				90
			],
			"category_id": 2,
			"id": 106
		},
		{
			"segmentation": [
				1730,
				114,
				1730,
				209,
				2078,
				209,
				2078,
				114
			],
			"area": 33060,
			"iscrowd": 0,
			"ignore": 0,
			"image_id": 33,
			"bbox": [
				1730,
				114,
				348,
				95
			],
			"category_id": 2,
			"id": 107
		},
		{
			"segmentation": [
				132,
				206,
				132,
				291,
				417,
				291,
				417,
				206
			],
			"area": 24225,
			"iscrowd": 0,
			"ignore": 0,
			"image_id": 34,
			"bbox": [
				132,
				206,
				285,
				85
			],
			"category_id": 3,
			"id": 108
		},
		{
			"segmentation": [
				128,
				281,
				128,
				365,
				420,
				365,
				420,
				281
			],
			"area": 24528,
			"iscrowd": 0,
			"ignore": 0,
			"image_id": 34,
			"bbox": [
				128,
				281,
				292,
				84
			],
			"category_id": 3,
			"id": 109
		},
		{
			"segmentation": [
				1289,
				208,
				1289,
				288,
				1486,
				288,
				1486,
				208
			],
			"area": 15760,
			"iscrowd": 0,
			"ignore": 0,
			"image_id": 34,
			"bbox": [
				1289,
				208,
				197,
				80
			],
			"category_id": 2,
			"id": 110
		},
		{
			"segmentation": [
				1290,
				283,
				1290,
				361,
				1486,
				361,
				1486,
				283
			],
			"area": 15288,
			"iscrowd": 0,
			"ignore": 0,
			"image_id": 34,
			"bbox": [
				1290,
				283,
				196,
				78
			],
			"category_id": 2,
			"id": 111
		},
		{
			"segmentation": [
				117,
				925,
				117,
				1082,
				1020,
				1082,
				1020,
				925
			],
			"area": 141771,
			"iscrowd": 0,
			"ignore": 0,
			"image_id": 34,
			"bbox": [
				117,
				925,
				903,
				157
			],
			"category_id": 2,
			"id": 112
		},
		{
			"segmentation": [
				158,
				431,
				158,
				477,
				208,
				477,
				208,
				431
			],
			"area": 2300,
			"iscrowd": 0,
			"ignore": 0,
			"image_id": 34,
			"bbox": [
				158,
				431,
				50,
				46
			],
			"category_id": 1,
			"id": 113
		},
		{
			"segmentation": [
				158,
				505,
				158,
				565,
				211,
				565,
				211,
				505
			],
			"area": 3180,
			"iscrowd": 0,
			"ignore": 0,
			"image_id": 34,
			"bbox": [
				158,
				505,
				53,
				60
			],
			"category_id": 1,
			"id": 114
		},
		{
			"segmentation": [
				1311,
				425,
				1311,
				480,
				1362,
				480,
				1362,
				425
			],
			"area": 2805,
			"iscrowd": 0,
			"ignore": 0,
			"image_id": 34,
			"bbox": [
				1311,
				425,
				51,
				55
			],
			"category_id": 5,
			"id": 115
		},
		{
			"segmentation": [
				1311,
				492,
				1311,
				550,
				1362,
				550,
				1362,
				492
			],
			"area": 2958,
			"iscrowd": 0,
			"ignore": 0,
			"image_id": 34,
			"bbox": [
				1311,
				492,
				51,
				58
			],
			"category_id": 5,
			"id": 116
		},
		{
			"segmentation": [
				1311,
				560,
				1311,
				617,
				1359,
				617,
				1359,
				560
			],
			"area": 2736,
			"iscrowd": 0,
			"ignore": 0,
			"image_id": 34,
			"bbox": [
				1311,
				560,
				48,
				57
			],
			"category_id": 5,
			"id": 117
		},
		{
			"segmentation": [
				115,
				45,
				115,
				145,
				413,
				145,
				413,
				45
			],
			"area": 29800,
			"iscrowd": 0,
			"ignore": 0,
			"image_id": 34,
			"bbox": [
				115,
				45,
				298,
				100
			],
			"category_id": 6,
			"id": 118
		},
		{
			"segmentation": [
				120,
				762,
				120,
				868,
				405,
				868,
				405,
				762
			],
			"area": 30210,
			"iscrowd": 0,
			"ignore": 0,
			"image_id": 34,
			"bbox": [
				120,
				762,
				285,
				106
			],
			"category_id": 6,
			"id": 119
		},
		{
			"segmentation": [
				1614,
				974,
				1614,
				1088,
				2041,
				1088,
				2041,
				974
			],
			"area": 48678,
			"iscrowd": 0,
			"ignore": 0,
			"image_id": 34,
			"bbox": [
				1614,
				974,
				427,
				114
			],
			"category_id": 6,
			"id": 120
		},
		{
			"segmentation": [
				48,
				208,
				48,
				288,
				128,
				288,
				128,
				208
			],
			"area": 6400,
			"iscrowd": 0,
			"ignore": 0,
			"image_id": 34,
			"bbox": [
				48,
				208,
				80,
				80
			],
			"category_id": 6,
			"id": 121
		},
		{
			"segmentation": [
				53,
				281,
				53,
				363,
				127,
				363,
				127,
				281
			],
			"area": 6068,
			"iscrowd": 0,
			"ignore": 0,
			"image_id": 34,
			"bbox": [
				53,
				281,
				74,
				82
			],
			"category_id": 6,
			"id": 122
		},
		{
			"segmentation": [
				77,
				305,
				77,
				348,
				300,
				348,
				300,
				305
			],
			"area": 9589,
			"iscrowd": 0,
			"ignore": 0,
			"image_id": 36,
			"bbox": [
				77,
				305,
				223,
				43
			],
			"category_id": 2,
			"id": 1
		},
		{
			"segmentation": [
				323,
				304,
				323,
				349,
				550,
				349,
				550,
				304
			],
			"area": 10215,
			"iscrowd": 0,
			"ignore": 0,
			"image_id": 36,
			"bbox": [
				323,
				304,
				227,
				45
			],
			"category_id": 2,
			"id": 2
		},
		{
			"segmentation": [
				383,
				362,
				383,
				413,
				777,
				413,
				777,
				362
			],
			"area": 20094,
			"iscrowd": 0,
			"ignore": 0,
			"image_id": 36,
			"bbox": [
				383,
				362,
				394,
				51
			],
			"category_id": 2,
			"id": 3
		},
		{
			"segmentation": [
				544,
				502,
				544,
				571,
				797,
				571,
				797,
				502
			],
			"area": 17457,
			"iscrowd": 0,
			"ignore": 0,
			"image_id": 36,
			"bbox": [
				544,
				502,
				253,
				69
			],
			"category_id": 2,
			"id": 4
		},
		{
			"segmentation": [
				584,
				251,
				584,
				342,
				676,
				342,
				676,
				251
			],
			"area": 8372,
			"iscrowd": 0,
			"ignore": 0,
			"image_id": 36,
			"bbox": [
				584,
				251,
				92,
				91
			],
			"category_id": 4,
			"id": 5
		}
	],
	"categories": [
		{
			"supercategory": "none",
			"id": 1,
			"name": "radio-button"
		},
		{
			"supercategory": "none",
			"id": 2,
			"name": "textbox"
		},
		{
			"supercategory": "none",
			"id": 3,
			"name": "combobox"
		},
		{
			"supercategory": "none",
			"id": 4,
			"name": "qrcode"
		},
		{
			"supercategory": "none",
			"id": 5,
			"name": "checkbox"
		},
		{
			"supercategory": "none",
			"id": 6,
			"name": "button"
		}
	]
}
